cleStation;idStaSINP;dSPublique;refBiblio;idOrigSta;dateDebut;dateFin;dateImprec;observer;nomStation;isComplex;exposition;altMin;altMax;altMoy;profMin;profMax;profMoy;surface;methCalcSu;usage;typeSol;geologie;acidite;comment;WKT;natObjGeo;precisGeom;echelleNum
1;;Pr;;1;2017-07-10;2017-07-10;false;INCONNU (CEN Midi-Pyrénées);;2;;;;;;;;3256.549;sig;;1;1;;;MULTIPOLYGON(((683910.268600002 6329334.3959,683925.422399998 6329332.1601,683940.978299998 6329337.4936,683953.867600001 6329341.9381,683968.979099996 6329348.1605,683980.090499997 6329350.3828,683987.357500002 6329353.3434,683994.79 6329342.49,684003.25 6329327.37,683920.76 6329285.51,683916.63 6329294.44,683913.35 6329312.23,683911.55 6329315.82,683910.268600002 6329334.3959)));St;;
2;;Pr;;2;2017-06-16;2017-06-16;false;INCONNU (CEN Midi-Pyrénées);;1;;;;;;;;719.586;sig;;2;2;;;MULTIPOLYGON(((389403.161399998 6275415.2739,389361.646899998 6275411.4996,389360.547499999 6275405.1788,389355.262599997 6275404.6431,389354.516 6275408.5635,389357.242399998 6275415.4847,389358.920199998 6275416.743,389360.598099999 6275427.6491,389359.339699998 6275428.0687,389360.178499997 6275433.5216,389379.683799997 6275431.634,389390.170500003 6275427.8588,389403.161399998 6275415.2739)));St;;
3;;Pr;;3;2017-07-02;2017-07-02;false;INCONNU (CEN Midi-Pyrénées);;1;;;;;;;;106.996;sig;;3;3;;;MULTIPOLYGON(((603314.5176 6181136.9527,603313.623499997 6181129.6218,603310.288099997 6181120.7267,603310.288099997 6181115.538,603307.213600002 6181112.361,603307.318300001 6181117.7451,603307.495399997 6181126.3442,603308.689099997 6181134.3991,603309.4485 6181139.5156,603314.5176 6181136.9527)));St;;
4;;Pr;;4;2017-06-09;2017-06-09;false;INCONNU (CEN Midi-Pyrénées);;1;;;;;;;;562.124;sig;;4;4;;;MULTIPOLYGON(((684605.307800002 6330331.3478,684605.92 6330330.54,684610.53 6330321.2,684613.47 6330319.26,684608.970799997 6330315.5408,684605.5537 6330318.5308,684598.440200001 6330316.5907,684586.584299996 6330314.6507,684581.842 6330315.7285,684577.5308 6330320.4708,684574.973099999 6330320.7692,684574.77 6330325.62,684554.22 6330330.96,684554.635499999 6330336.844,684560.717100002 6330335.3445,684580.764200002 6330329.5243,684591.973300003 6330328.0154,684597.5779 6330329.0932,684605.307800002 6330331.3478)));St;;
5;;Pr;;5;2017-07-10;2017-07-10;false;INCONNU (CEN Midi-Pyrénées);;1;;;;;;;;242.178;sig;;5;5;;;MULTIPOLYGON(((676732.716700003 6322919.0771,676733.593699999 6322913.9902,676713.793899998 6322925.6628,676716.004600003 6322928.9791,676718.783500001 6322931.7576,676722.256800003 6322938.3572,676725.391099997 6322942.8995,676726.614200003 6322938.7405,676732.716700003 6322919.0771)));St;;
6;;Pr;;6;2017-07-10;2017-07-10;false;INCONNU (CEN Midi-Pyrénées);;1;;;;;;;;664.544;sig;;6;6;;;MULTIPOLYGON(((676804.219400004 6323042.5206,676806.7958 6323041.7845,676812.316500001 6323042.5206,676820.553300001 6323046.4742,676810.670100003 6323026.12,676810.108099997 6323032.5829,676801.274800003 6323034.0551,676796.1219 6323030.7426,676793.177500002 6323024.8537,676788.760799997 6323015.2842,676783.608 6323012.7078,676776.982900001 6323010.4994,676773.793 6323008.406,676775.772699997 6323011.9694,676777.8068 6323021.1232,676779.172899999 6323023.1722,676781.197 6323026.2085,676783.2311 6323032.9889,676785.265299998 6323041.1256,676793.063 6323050.9572,676793.495300002 6323051.6184,676793.545699999 6323051.3538,676797.594300002 6323045.8331,676804.219400004 6323042.5206)));St;;
7;;Pr;;7;2017-06-13;2017-06-13;false;INCONNU (CEN Midi-Pyrénées);;1;;;;;;;;890.158;sig;;7;7;;;MULTIPOLYGON(((510826.163699999 6225238.8519,510809.6712 6225238.8519,510786.149099998 6225240.4742,510768.575099997 6225243.4482,510751.001199998 6225250.4778,510745.321 6225257.6819,510790.23 6225254.11,510815.83 6225246.64,510842.074100003 6225244.4569,510835.085900001 6225241.826,510826.163699999 6225238.8519)));St;;
8;;Pr;;8;2017-06-13;2017-06-13;false;INCONNU (CEN Midi-Pyrénées);;1;;;;;;;;3561.75;sig;;8;8;;;MULTIPOLYGON(((511102.961199999 6225271.1159,511088.902 6225268.6826,511072.679899998 6225270.3048,511067.542900003 6225263.0049,511052.672600001 6225261.653,511052.298600003 6225261.4958,511034.017200001 6225253.8123,511021.309799999 6225248.1346,511003.195100002 6225241.3754,510979.673100002 6225230.2903,510963.135300003 6225227.534,510963.98 6225231.75,510973.72 6225235.83,510975.84 6225236.48,510979.29 6225237.92,510982.55 6225239.73,510985.58 6225241.91,510986.61 6225242.94,510987.13 6225244.1,510987.25 6225245.36,510986.94 6225246.6,510984.13 6225250.8,510981.68 6225254.81,511011.76 6225267.61,511035.25 6225281.55,511055.36 6225287.21,511097.45 6225294.32,511097.876500003 6225294.3795,511100.75 6225294.78,511104.09 6225294.82,511107.39 6225294.44,511144.530299999 6225288.0617,511144.097599998 6225287.7052,511136.757299997 6225281.6603,511128.646200001 6225278.4159,511116.209299996 6225275.9826,511102.961199999 6225271.1159)));St;;
9;;Pr;;9;2017-07-07;2017-07-07;false;INCONNU (CEN Midi-Pyrénées);;1;;;;;;;;609.385;sig;;9;9;;;MULTIPOLYGON(((594035.712 6175136.1518,594035.665200002 6175135.9713,594034.072400004 6175137.9984,594035.174599998 6175147.9184,594037.746399999 6175158.9408,594040.685800001 6175169.5958,594043.992399998 6175180.618,594045.094599999 6175187.9663,594050.800499998 6175228.7212,594050.951800004 6175228.3932,594052.155 6175218.3669,594050.149700001 6175209.5438,594047.342399999 6175197.5123,594046.540299997 6175191.4966,594046.941299997 6175187.4862,594052.155 6175180.6682,594055.697 6175177.9598,594054.249899998 6175173.5461,594048.657499999 6175154.7353,594047.980400003 6175143.2248,594045.337200001 6175142.1675,594035.712 6175136.1518)));St;;
10;;Pr;;10;2017-07-07;2017-07-07;false;INCONNU (CEN Midi-Pyrénées);;1;;;;;;;;117.998;sig;;10;10;;;MULTIPOLYGON(((594061.113499999 6175254.3823,594061.599699996 6175249.8849,594056.967500001 6175253.6593,594047.843900003 6175250.8825,594047.666599996 6175251.1613,594045.905699998 6175263.8407,594060.176 6175257.6697,594060.350400001 6175257.376,594061.113499999 6175254.3823)));St;;
11;;Pr;;11;2017-07-07;2017-07-07;false;INCONNU (CEN Midi-Pyrénées);;1;;;;;;;;108.829;sig;;11;11;;;MULTIPOLYGON(((594050.550800003 6175283.738,594044.591899998 6175269.8338,594043.992399998 6175272.4711,594044.359800003 6175280.5541,594048.768799998 6175293.4136,594050.605800003 6175300.3944,594051.352899998 6175303.3828,594051.352899998 6175301.3842,594052.957099997 6175292.9621,594050.550800003 6175283.738)));St;;
12;;Pr;;12;2017-07-07;2017-07-07;false;INCONNU (CEN Midi-Pyrénées);;1;;;;;;;;449.773;sig;;12;12;;;MULTIPOLYGON(((594065.389600001 6175337.8797,594054.456200004 6175330.5908,594056.484399997 6175340.4423,594059.791 6175360.65,594062.363 6175363.5892,594063.643399999 6175365.5097,594071.244599998 6175365.8136,594074.757600002 6175376.792,594074.840300001 6175376.3992,594074.840300001 6175366.4853,594074.840300001 6175356.5714,594069.65 6175339.3487,594065.389600001 6175337.8797)));St;;
13;;Pr;;13;2017-07-07;2017-07-07;false;INCONNU (CEN Midi-Pyrénées);;1;;;;;;;;184.921;sig;;13;13;;;MULTIPOLYGON(((594033.151199996 6175487.9935,594034.223800004 6175480.2717,594032.472499996 6175480.5412,594028.976499997 6175472.2782,594031.519 6175467.5112,594025.276299998 6175463.4398,594026.356799997 6175468.3018,594023.784699999 6175474.1801,594021.947800003 6175480.0588,594021.580300003 6175483.733,594021.580300003 6175486.9536,594021.667 6175486.8972,594032.8649 6175488.96,594033.151199996 6175487.9935)));St;;
14;;Pr;;14;2017-07-07;2017-07-07;false;INCONNU (CEN Midi-Pyrénées);;1;;;;;;;;601.914;sig;;14;14;;;MULTIPOLYGON(((594017.217699997 6175512.6394,594016.612899996 6175506.3877,594012.762500003 6175513.1259,594008.720899999 6175523.4135,594005.7817 6175534.8031,594003.577100001 6175543.6212,593999.535599999 6175552.439,593998.960600004 6175559.3399,594005.232100002 6175564.8737,594004.029 6175577.3062,594005.263300002 6175581.0092,594011.544100001 6175557.6448,594014.594400004 6175537.0546,594019.4243 6175524.3443,594023.016400002 6175517.7351,594017.217699997 6175512.6394)));St;;
15;;Pr;;15;2017-07-07;2017-07-07;false;INCONNU (CEN Midi-Pyrénées);;1;;;;;;;;1111.476;sig;;15;15;;;MULTIPOLYGON(((593924.5405 6175806.7669,593925.022299998 6175805.9044,593938.256899998 6175805.9044,593943.041 6175805.6387,593953.111699998 6175792.0819,593962.223700002 6175777.1716,593960.715700001 6175773.8205,593958.710500002 6175764.5964,593971.142899998 6175756.5754,593979.163900003 6175745.3459,593989.591200002 6175732.1114,593995.607 6175720.0798,593999.419399999 6175720.6446,594002.366599999 6175715.4519,594000.419600002 6175715.6683,593997.612199999 6175714.0641,593992.398599997 6175709.2515,593992.388 6175709.0163,593989.248 6175711.5282,593978.593199998 6175733.5731,593962.426899999 6175753.7808,593955.446099997 6175764.803,593944.423900001 6175781.3367,593933.034100004 6175797.5027,593924.5836 6175806.3205,593924.5405 6175806.7669)));St;;
16;;Pr;;16;2017-07-07;2017-07-07;false;INCONNU (CEN Midi-Pyrénées);;1;;;;;;;;158.584;sig;;16;16;;;MULTIPOLYGON(((593887.323600002 6175866.4629,593894.987 6175858.493,593890.414399996 6175858.493,593884.168300003 6175860.3301,593879.759300001 6175872.4547,593873.145900004 6175878.7007,593870.206699997 6175883.8445,593866.899800003 6175892.6624,593867.034299999 6175893.4015,593867.672200002 6175893.3332,593874.891099997 6175883.7081,593880.906800002 6175874.885,593887.323600002 6175866.4629)));St;;
17;;Pr;;17;2017-07-07;2017-07-07;false;INCONNU (CEN Midi-Pyrénées);;1;;;;;;;;376.52;sig;;17;17;;;MULTIPOLYGON(((593868.847599998 6175911.643,593862.2535 6175903.3473,593858.147600003 6175908.4008,593849.818599999 6175914.4322,593848.467799999 6175920.3986,593848.822899997 6175925.0162,593846.416599996 6175932.6361,593841.604 6175941.4592,593831.176700003 6175949.0791,593828.3693 6175954.2927,593830.154399998 6175956.2265,593836.756499998 6175945.2584,593854.799 6175931.2664,593868.847599998 6175911.643)));St;;
18;;Pr;;18;2017-07-07;2017-07-07;false;INCONNU (CEN Midi-Pyrénées);;1;;;;;;;;143.555;sig;;18;18;;;MULTIPOLYGON(((593824.759900004 6175943.0633,593827.652500004 6175937.037,593824.280199997 6175937.4867,593818.985799998 6175941.2441,593817.136299998 6175947.7172,593809.953900002 6175955.0838,593806.976300001 6175964.7314,593817.942100003 6175955.0948,593824.759900004 6175943.0633)));St;;
19;;Pr;;19;2017-07-07;2017-07-07;false;INCONNU (CEN Midi-Pyrénées);;1;;;;;;;;1638.768;sig;;19;19;;;MULTIPOLYGON(((593726.660899997 6176102.8536,593732.919600002 6176094.2481,593732.919600002 6176091.8527,593736.529 6176083.0296,593740.138499998 6176063.3782,593741.742700003 6176047.7373,593756.180500001 6176033.7006,593760.129799999 6176035.1986,593767.579300001 6176031.6313,593770.618199997 6176028.0858,593767.409900002 6176016.8565,593783.050800003 6176009.6375,593791.071800001 6176001.6166,593793.077 6175991.5904,593793.877700001 6175984.5841,593781.660400003 6176003.9881,593771.3728 6176011.7039,593765.494099997 6176012.4387,593761.452799998 6176016.4801,593756.676299997 6176024.1957,593751.165100001 6176029.3395,593742.3473 6176035.2182,593736.101300001 6176046.9754,593733.5295 6176062.774,593730.957500003 6176075.2661,593729.553900003 6176075.9468,593729.691200003 6176077.8685,593728.911200002 6176079.4936,593729.487899996 6176081.5121,593727.283399999 6176091.0648,593719.200300001 6176099.8828,593715.893600002 6176099.148,593707.075800002 6176098.7804,593705.406800002 6176098.7804,593705.287699997 6176098.8824,593701.321500003 6176106.1539,593706.341 6176112.7422,593681.356899999 6176148.7485,593677.246799998 6176150.9747,593677.8015 6176164.842,593679.529600002 6176166.1862,593682.123099998 6176171.0849,593682.843500003 6176170.6047,593687.6303 6176149.9849,593700.885899998 6176132.3106,593714.141599998 6176113.8999,593726.660899997 6176102.8536)));St;;
20;;Pr;;20;2017-07-06;2017-07-06;false;INCONNU (CEN Midi-Pyrénées);;1;;;;;;;;125.744;sig;;20;20;;;MULTIPOLYGON(((592637.5735 6186233.8336,592637.5735 6186228.3116,592631.231 6186230.0435,592620.601 6186232.894,592619.905299999 6186233.976,592619.033399999 6186237.962,592630.147399999 6186239.1968,592637.5735 6186233.8336)));St;;
21;;Pr;;21;2017-07-06;2017-07-06;false;INCONNU (CEN Midi-Pyrénées);;1;;;;;;;;1158.469;sig;;21;21;;;MULTIPOLYGON(((592600.443499997 6186239.6093,592609.5198 6186235.4839,592614.628200002 6186237.3084,592616.093599997 6186231.5685,592622.312600002 6186218.7293,592628.531599998 6186206.0908,592630.0101 6186200.5244,592628.048799999 6186199.9877,592627.677900001 6186196.4367,592627.249399997 6186192.2303,592624.173799999 6186191.1591,592622.906400003 6186192.8105,592617.303599998 6186200.1871,592610.952600002 6186208.5502,592604.739200003 6186216.7416,592599.106799997 6186224.2036,592592.406199999 6186233.123,592584.408299997 6186243.7579,592578.898400001 6186251.0907,592572.240099996 6186259.734,592564.512900002 6186269.7504,592562.542499997 6186272.2815,592563.909199998 6186273.7834,592565.780699998 6186278.4528,592566.365500003 6186281.725,592566.586800002 6186282.9572,592567.072800003 6186282.1656,592572.301299997 6186273.8638,592575.127599999 6186269.328,592576.159699999 6186268.5274,592578.485 6186266.7102,592579.000299998 6186266.3777,592579.815899998 6186262.2999,592582.291100003 6186257.7617,592588.479400001 6186248.6856,592590.954700001 6186245.3852,592595.080300003 6186244.1475,592600.443499997 6186239.6093)));St;;
22;;Pr;;22;2017-07-06;2017-07-06;false;INCONNU (CEN Midi-Pyrénées);;1;;;;;;;;1962.901;sig;;22;22;;;MULTIPOLYGON(((592348.865099996 6186408.1539,592342.251800001 6186402.7059,592321.792599998 6186403.642,592319.014600001 6186403.6882,592307.120099999 6186402.5364,592304.899700001 6186402.6924,592288.029700004 6186406.6257,592271.702799998 6186408.0489,592259.261799999 6186409.2089,592266.931900002 6186414.8774,592281.752499998 6186423.1265,592286.624300003 6186425.8641,592300.862199999 6186432.4951,592309.837 6186435.7203,592317.466200002 6186437.1813,592321.389799997 6186437.4336,592324.651600003 6186436.5853,592329.780500002 6186433.6812,592334.6787 6186430.9795,592343.4287 6186422.4571,592345.672700003 6186418.4497,592346.674099997 6186413.5896,592347.214500003 6186412.6675,592349.035599999 6186411.3668,592349.441200003 6186409.3751,592348.865099996 6186408.1539)));St;;
23;;Pr;;23;2017-07-06;2017-07-06;false;INCONNU (CEN Midi-Pyrénées);;1;;;;;;;;1073.299;sig;;23;23;;;MULTIPOLYGON(((592387.438199997 6186460.5133,592391.010700002 6186459.3521,592405.035300002 6186450.9374,592412.982799999 6186429.4328,592423.735 6186418.6805,592435.878600001 6186411.3945,592428.844099998 6186410.5552,592417.395099998 6186409.2108,592405.700400002 6186407.7817,592405.970299996 6186410.2657,592405.502800003 6186416.343,592404.100299999 6186424.2905,592391.478200004 6186432.7053,592391.133100003 6186432.8049,592390.585 6186433.9531,592384.655400001 6186440.8802,592377.579 6186449.2026,592376.325900003 6186450.6553,592380.609399997 6186457.5978,592382.062399998 6186459.9556,592386.400600001 6186459.8702,592387.438199997 6186460.5133)));St;;
24;;Pr;;24;2017-07-06;2017-07-06;false;INCONNU (CEN Midi-Pyrénées);;1;;;;;;;;2978.058;sig;;24;24;;;MULTIPOLYGON(((592110.328199998 6186520.3547,592100.854099996 6186509.9921,592097.577299997 6186506.4341,592101.25 6186502.1646,592107.747299999 6186505.9071,592111.540899999 6186501.8738,592119.473099999 6186503.9648,592124.500100002 6186500.2285,592115.780900002 6186491.2826,592105.6642 6186480.9704,592100.865699999 6186475.6115,592087.601099998 6186460.707,592079.847199999 6186465.7989,592061.851800002 6186477.6519,592052.044299997 6186484.1279,592047.908799998 6186493.9631,592045.518700004 6186499.7198,592048.942900002 6186505.1016,592052.8781 6186511.3086,592058.750500001 6186517.92,592066.4397 6186526.486,592073.541500002 6186522.6357,592084.734200001 6186511.5314,592091.2958 6186517.377,592094.978 6186520.6901,592102.130099997 6186530.3768,592107.5757 6186537.7099,592113.117799997 6186533.2901,592111.219400004 6186529.9473,592113.098300003 6186526.859,592110.328199998 6186520.3547)));St;;
25;;Pr;;25;2017-07-06;2017-07-06;false;INCONNU (CEN Midi-Pyrénées);;1;;;;;;;;6019.924;sig;;25;25;;;MULTIPOLYGON(((592280.766599998 6186543.121,592277.4595 6186530.12,592274.050099999 6186530.5367,592273.227499999 6186526.104,592273.190200001 6186525.7882,592276.057599999 6186525.1921,592275.645199999 6186523.8492,592273.336300001 6186516.3446,592273.251699999 6186515.949,592272.160599999 6186510.1444,592272.076 6186509.7488,592270.439800002 6186500.4862,592270.194600001 6186499.3026,592267.913400002 6186488.1915,592264.332400002 6186470.7499,592262.580899999 6186462.1774,592256.6281 6186460.3908,592229.852600001 6186452.3343,592211.454899997 6186446.785,592192.028099999 6186440.9221,592180.254100002 6186433.5422,592168.602399997 6186426.1934,592163.639700003 6186432.6281,592158.748499997 6186438.9624,592151.899599999 6186444.8332,592157.071400002 6186449.4779,592164.716799997 6186456.298,592166.052500002 6186457.4667,592168.233199999 6186459.6139,592171.181500003 6186462.4761,592174.798199996 6186465.9558,592176.061899997 6186467.1919,592177.156099997 6186468.497,592179.142499998 6186470.6805,592182.097900003 6186473.9726,592185.434900001 6186476.7622,592189.241599999 6186479.941,592193.814599998 6186483.7686,592194.8037 6186484.6123,592196.681500003 6186486.1359,592199.1774 6186488.1786,592202.487800002 6186490.8363,592205.181400001 6186493.0411,592208.678900003 6186496.6881,592211.581699997 6186499.7496,592213.792300001 6186502.2271,592217.42 6186506.3683,592217.952 6186506.9947,592228.667 6186513.4328,592229.946500003 6186514.1526,592234.505099997 6186517.4115,592238.383900002 6186520.245,592245.203100003 6186527.5156,592255.208800003 6186534.6935,592256.895400003 6186535.8564,592262.219599999 6186539.4202,592263.816500001 6186540.4655,592269.589299999 6186542.8705,592274.428599998 6186543.6633,592280.766599998 6186543.121),(592257.6972 6186511.9965,592259.372299999 6186511.6059,592260.870499998 6186519.5164,592251.415799998 6186521.2057,592250.504699998 6186513.3337,592257.6972 6186511.9965)));St;;
26;;Pr;;26;2017-07-06;2017-07-06;false;INCONNU (CEN Midi-Pyrénées);;1;;;;;;;;827.82;sig;;26;26;;;MULTIPOLYGON(((592565.566200003 6186554.3221,592566.307800002 6186550.8427,592566.3653 6186550.5717,592563.046800002 6186546.3051,592554.164499998 6186544.9027,592542.1734 6186542.9041,592541.590800002 6186544.4072,592540.505500004 6186547.2643,592537.8024 6186548.1751,592525.647600003 6186553.3175,592520.972800002 6186553.3175,592520.767099999 6186553.1461,592521.3785 6186554.1141,592525.269199997 6186559.1164,592528.109 6186567.3987,592528.295599997 6186567.4953,592536.351499997 6186571.7682,592543.522399999 6186575.5795,592546.827 6186577.3111,592547.356399998 6186576.3096,592550.384900004 6186570.2249,592555.1664 6186560.4985,592560.611599997 6186557.2717,592561.415 6186556.7996,592565.566200003 6186554.3221)));St;;
27;;Pr;;27;2017-07-06;2017-07-06;false;INCONNU (CEN Midi-Pyrénées);;1;;;;;;;;1782.152;sig;;27;27;;;MULTIPOLYGON(((592464.300399996 6186557.2768,592458.112099998 6186555.2138,592453.986599997 6186556.4515,592449.861 6186565.5279,592449.861 6186575.8417,592443.2601 6186578.7294,592436.659199998 6186583.2676,592434.851400003 6186585.0753,592438.410800003 6186588.8386,592436.449500002 6186590.499,592426.937600002 6186597.168,592418.843099996 6186602.8409,592410.053 6186609.0014,592395.944899999 6186618.923,592395.801200002 6186619.243,592393.4485 6186624.4819,592397.0713 6186627.7564,592404.4366 6186634.4622,592402.338299997 6186636.6807,592395.182800002 6186644.3429,592391.388499998 6186648.3361,592391.266199999 6186649.7826,592396.389700003 6186644.8768,592424.395800002 6186622.9318,592442.160700001 6186605.1668,592446.606700003 6186600.9114,592456.790700004 6186591.1638,592468.494499996 6186571.936,592469.95 6186568.9486,592466.363200001 6186563.8774,592464.300399996 6186557.2768)));St;;
28;;Pr;;28;2017-07-06;2017-07-06;false;INCONNU (CEN Midi-Pyrénées);;1;;;;;;;;11143.898;sig;;28;28;;;MULTIPOLYGON(((592311.198200002 6186613.1849,592305.993699998 6186604.4978,592304.789700001 6186602.4533,592302.1281 6186597.178,592295.172499999 6186583.4779,592291.513499998 6186576.2737,592290.120499998 6186571.652,592286.1642 6186558.8949,592282.021899998 6186545.5054,592278.808799997 6186545.7573,592276.5876 6186545.8737,592271.817400001 6186545.7149,592267.497299999 6186544.4769,592263.278700002 6186542.3238,592260.624 6186540.9785,592257.716899998 6186539.2902,592255.573399998 6186538.0455,592253.3587 6186536.7723,592250.394900002 6186534.4397,592248.616 6186533.0004,592245.8816 6186530.3859,592240.441799998 6186525.1567,592237.085299999 6186522.0764,592230.461300001 6186517.7401,592228.776100002 6186516.6566,592222.645599999 6186513.8608,592218.601300001 6186509.8787,592209.919500001 6186501.4084,592201.276100002 6186493.4933,592197.919600002 6186490.4128,592194.399800003 6186493.33,592184.618600003 6186501.3935,592172.904299997 6186511.0372,592162.430699997 6186519.668,592155.185500003 6186520.1859,592149.886500001 6186525.1572,592147.251 6186531.99,592153.505800001 6186543.994,592151.6765 6186548.3122,592141.471100003 6186553.7229,592126.409699999 6186561.7291,592136.731899999 6186562.64,592140.444799997 6186564.2902,592151.996299997 6186565.1152,592161.485200003 6186566.7654,592166.848300003 6186568.0031,592175.924400002 6186569.2408,592181.700300001 6186571.716,592187.063500002 6186586.9805,592194.902 6186590.6937,592200.677699998 6186578.7294,592208.516400002 6186576.6667,592212.229199998 6186577.9044,592222.543300003 6186585.743,592225.018600002 6186580.7924,592220.480300002 6186570.4783,592216.767499998 6186558.5143,592221.305600002 6186556.8641,592227.906499997 6186562.2272,592246.4714 6186564.2902,592253.809900001 6186559.1261,592254.31 6186563.8774,592255.960199997 6186577.4919,592250.184299998 6186586.568,592238.220299996 6186585.743,592235.3323 6186584.5053,592224.606 6186593.5814,592216.354900002 6186595.6443,592213.879500002 6186601.0075,592223.7808 6186608.0209,592239.458 6186612.9716,592243.171 6186619.5724,592253.897500001 6186620.8101,592264.341300003 6186627.4563,592266.392399997 6186621.759,592268.900399998 6186618.6937,592272.801600002 6186617.579,592274.752400003 6186615.3497,592280.8829 6186610.0552,592285.620200001 6186607.8257,592289.242899999 6186606.9897,592293.701399997 6186610.0552,592295.652199998 6186613.6777,592297.045400001 6186618.415,592298.996200003 6186623.431,592301.782899998 6186625.6605,592305.405500002 6186628.447,592304.012100004 6186632.9057,592297.045400001 6186636.807,592295.094899997 6186643.2162,592295.094899997 6186649.9042,592301.225400001 6186655.4775,592307.3561 6186660.215,592311.257399999 6186660.4935,592315.1589 6186661.3295,592322.682700001 6186661.051,592329.123400003 6186660.5555,592328.192400001 6186658.9146,592325.827100001 6186653.8722,592323.946800001 6186649.8541,592321.184299998 6186643.7863,592319.393700004 6186639.8857,592318.200599998 6186634.9827,592316.069499999 6186626.443,592313.905299999 6186617.6656,592311.198200002 6186613.1849)));St;;
29;;Pr;;29;2017-07-06;2017-07-06;false;INCONNU (CEN Midi-Pyrénées);;1;;;;;;;;1118.622;sig;;29;29;;;MULTIPOLYGON(((592432.528 6186684.0168,592452.5801 6186680.0064,592453.722599998 6186682.2911,592457.541100003 6186675.336,592460.509599999 6186670.9197,592464.533399999 6186664.8977,592466.681699999 6186662.1624,592470.347800002 6186657.4962,592470.846699998 6186656.9814,592475.739699997 6186652.2153,592482.475100003 6186645.6719,592484.207199998 6186644.2934,592490.039099999 6186639.7103,592489.342799999 6186638.2928,592474.349100001 6186649.4992,592470.874700002 6186644.5943,592482.658600003 6186635.5882,592471.912199996 6186637.4846,592466.354099996 6186636.3729,592458.3292 6186632.9779,592458.3292 6186635.5956,592449.914399996 6186639.3356,592445.985399999 6186641.1214,592454.049699999 6186646.5321,592457.320100002 6186648.7275,592456.590499997 6186650.4296,592452.0788 6186660.4557,592443.055500001 6186665.4686,592429.520400003 6186669.9803,592425.008699998 6186676.9986,592432.528 6186684.0168)));St;;
30;;Pr;;30;2017-07-06;2017-07-06;false;INCONNU (CEN Midi-Pyrénées);;1;;;;;;;;17364.776;sig;;30;30;;;MULTIPOLYGON(((592255.660599999 6186658.5177,592255.245700002 6186655.199,592257.753700003 6186644.331,592261.933700003 6186635.6923,592261.967500001 6186635.5717,592252.247299999 6186630.7114,592237.395300001 6186629.8862,592229.144199997 6186629.0612,592219.655400001 6186619.9849,592215.117200002 6186609.6711,592209.754 6186601.0075,592206.453599997 6186599.7698,592201.502899997 6186603.0702,592191.601599999 6186608.8461,592187.063500002 6186608.4333,592184.228600003 6186606.7796,592188.301200002 6186603.4827,592189.538900003 6186598.9448,592182.938 6186591.9312,592177.162199996 6186586.568,592170.561300002 6186579.1422,592168.915 6186578.7305,592168.735 6186578.8405,592168.646 6186578.6634,592163.9604 6186577.4919,592160.247400001 6186568.8281,592146.2205 6186568.8281,592138.382100001 6186573.779,592137.969400004 6186581.2048,592143.745200001 6186586.9805,592144.848099999 6186589.0023,592135.9067 6186591.1061,592132.627300002 6186591.1061,592137.543200001 6186597.0616,592130.9366 6186599.0376,592128.142800003 6186599.8782,592119.092 6186600.863,592118.3605 6186609.6091,592102.570699997 6186616.8994,592089.544299997 6186621.5234,592077.534900002 6186625.7335,592072.7667 6186627.4407,592079.828900002 6186637.0098,592083.210500002 6186641.5984,592087.991099998 6186647.6323,592091.217200004 6186651.6675,592092.384 6186654.983,592100.302699998 6186665.0539,592103.351499997 6186668.973,592105.975599997 6186671.9861,592109.643700004 6186676.2127,592115.165700004 6186681.1227,592122.052100003 6186687.1614,592125.805600002 6186690.0647,592128.985699996 6186692.5244,592131.475 6186694.4679,592137.132 6186698.7009,592142.374200001 6186702.6233,592146.699 6186705.8859,592152.228200004 6186709.4858,592160.862499997 6186715.0984,592165.622299999 6186718.1555,592168.720299996 6186721.518,592171.194200002 6186724.2955,592176.044699997 6186731.0431,592183.651100002 6186741.675,592193.676200002 6186753.537,592195.944 6186756.2386,592197.285499997 6186757.7645,592201.6818 6186763.5668,592201.9661 6186763.9412,592225.521399997 6186716.8304,592239.355400003 6186690.0647,592255.660599999 6186658.5177),(592212.9573 6186642.5422,592216.382 6186636.2656,592225.668799996 6186642.4363,592234.363499999 6186648.1671,592235.5471 6186648.9943,592231.174099997 6186656.8749,592223.347400002 6186651.7384,592224.2355 6186650.0298,592212.9573 6186642.5422),(592238.719599999 6186641.2714,592240.702299997 6186637.6177,592243.731 6186639.6423,592241.888099998 6186643.2513,592238.719599999 6186641.2714),(592204.107100002 6186631.4038,592206.5009 6186627.1503,592210.275 6186629.9036,592207.892399997 6186633.9028,592204.107100002 6186631.4038)));St;;
31;;Pr;;31;2017-07-06;2017-07-06;false;INCONNU (CEN Midi-Pyrénées);;1;;;;;;;;8576.534;sig;;31;31;;;MULTIPOLYGON(((592290.705 6186769.3977,592297.864500001 6186768.7159,592306.728699997 6186770.0795,592314.910899997 6186763.9428,592317.979599997 6186761.5562,592318.661300004 6186767.0111,592324.457 6186774.5116,592331.616599999 6186772.125,592332.6395 6186759.1697,592334.685 6186753.374,592339.798900001 6186752.692,592345.253799997 6186753.374,592347.009199999 6186753.2389,592346.754199997 6186749.6379,592351.119199999 6186746.548,592354.074699998 6186737.8442,592355.006800003 6186725.3233,592354.461499996 6186718.9009,592353.594899997 6186712.5235,592352.241599999 6186706.7897,592352.053099997 6186705.9987,592349.657300003 6186699.1308,592347.443700001 6186694.4036,592346.836900003 6186693.1037,592345.274899997 6186690.0647,592343.853500001 6186687.2992,592336.337399997 6186685.2947,592330.206699997 6186687.5242,592325.469400004 6186690.0322,592325.456 6186690.0647,592324.25 6186692.9791,592322.125399999 6186698.1135,592314.601400003 6186701.4575,592310.9789 6186702.8508,592298.717399999 6186702.572,592289.242899999 6186697.5563,592278.6536 6186694.2122,592277.998800002 6186690.0647,592277.817599997 6186688.9175,592280.8829 6186678.6068,592278.6536 6186672.1975,592278.071699999 6186671.3917,592275.030900002 6186667.1815,592266.670900002 6186666.903,592261.376400001 6186665.231,592261.329499997 6186665.1841,592248.040299997 6186690.0647,592205.848800004 6186769.0567,592207.692599997 6186771.4861,592209.229599997 6186773.656,592215.018700004 6186770.7612,592222.859899998 6186772.466,592227.633 6186767.6929,592235.4745 6186757.8061,592246.043300003 6186748.9419,592251.157200001 6186740.0776,592258.657700002 6186732.9182,592267.180799998 6186726.0995,592271.9538 6186721.6674,592276.726899996 6186723.0311,592283.545599997 6186728.486,592285.931900002 6186737.691,592283.204599999 6186745.1918,592276.045100003 6186752.3512,592269.908399999 6186761.8972,592264.453599997 6186776.8981,592269.567400001 6186780.6483,592278.772500001 6186779.2847,592290.705 6186769.3977)));St;;
32;;Pr;;32;2017-07-06;2017-07-06;false;INCONNU (CEN Midi-Pyrénées);;1;;;;;;;;7416.546;sig;;1;32;;;MULTIPOLYGON(((592422.952500001 6186777.5038,592424.296899997 6186776.2639,592441.546700001 6186784.0759,592443.024499997 6186776.7994,592441.0669 6186771.6445,592439.354599997 6186767.1735,592437.452500001 6186758.3123,592436.16 6186748.5942,592435.720600002 6186740.9261,592436.2042 6186734.8306,592436.299099997 6186733.5058,592437.689900003 6186720.9904,592439.699600004 6186712.8582,592441.969499998 6186707.2814,592431.024099998 6186693.5414,592428.416699998 6186690.0647,592426.512599997 6186687.5258,592420.306400001 6186690.0647,592415.483900003 6186692.0375,592406.961900003 6186707.0765,592399.495499998 6186718.7429,592393.895300001 6186715.5078,592391.217500001 6186709.2532,592388.660899997 6186703.2613,592389.572300002 6186695.4495,592403.452600002 6186690.5336,592404.944499999 6186690.0647,592420.998099998 6186685.0193,592420.496799998 6186677.4998,592418.992899999 6186669.9803,592417.519199997 6186656.2258,592424.196400002 6186651.693,592430.5229 6186639.9024,592429.019 6186627.8713,592419.4943 6186633.8867,592411.4736 6186646.9206,592401.948700003 6186656.9465,592397.437100001 6186662.461,592389.590300001 6186669.5485,592389.456799999 6186671.1165,592388.79 6186678.5117,592383.543499999 6186679.5917,592383.797600001 6186682.5648,592377.300099999 6186684.0623,592376.909599997 6186681.687,592360.161300004 6186685.8562,592360.552199997 6186687.3724,592361.224 6186690.0647,592364.103799999 6186701.6056,592364.5634 6186703.4505,592368.588600002 6186715.6642,592375.625699997 6186714.3825,592375.916199997 6186715.4363,592377.36 6186720.1763,592376.585199997 6186732.2051,592375.615 6186748.8953,592374.577299997 6186766.2218,592375.070299998 6186779.447,592373.650899999 6186787.887,592372.118799999 6186796.5936,592378.333499998 6186797.443,592383.474399999 6186797.0399,592392.415799998 6186795.3561,592402.403 6186790.9024,592408.867 6186787.9894,592418.339500003 6186783.0678,592422.504600003 6186777.9169,592422.952500001 6186777.5038)));St;;
33;;Pr;;33;2017-07-06;2017-07-06;false;INCONNU (CEN Midi-Pyrénées);;1;;;;;;;;9651.655;sig;;2;33;;;MULTIPOLYGON(((592146.981200002 6186815.5792,592158.668300003 6186813.7092,592158.5123 6186818.5483,592177.093099996 6186802.9444,592177.133599997 6186803.063,592185.357600003 6186795.9902,592200.428 6186765.6025,592197.491 6186761.2341,592195.254299998 6186759.2335,592191.465700001 6186757.7086,592181.377300002 6186741.8088,592174.010899998 6186732.1508,592171.858 6186729.3284,592171.210900001 6186728.5811,592167.260799997 6186728.4869,592160.247400001 6186727.6617,592151.171099998 6186736.3255,592142.095 6186738.3882,592137.144299999 6186747.4645,592147.4582 6186747.4645,592149.108400002 6186753.6527,592146.633199997 6186761.9038,592148.894299999 6186768.6875,592140.857299998 6186768.0922,592132.606200002 6186763.5541,592125.592799999 6186754.8904,592122.704899997 6186748.7021,592125.592799999 6186740.451,592125.592799999 6186732.1999,592136.319399998 6186724.3615,592147.045699999 6186724.774,592157.359499998 6186719.4106,592160.5964 6186718.1023,592160.348899998 6186717.9278,592152.8895 6186712.613,592148.211499996 6186709.1976,592140.010700002 6186703.2602,592129.676899999 6186695.6909,592122.132600002 6186690.0647,592121.71 6186689.7496,592118.037799999 6186687.0319,592109.727499999 6186679.7862,592102.798799999 6186671.2075,592098.438199997 6186665.8017,592097.452799998 6186664.615,592095.751800001 6186662.6955,592090.124899998 6186656.416,592088.121299997 6186651.3254,592085.086900003 6186648.0309,592081.417300001 6186644.069,592071.414300002 6186630.7484,592063.816399999 6186636.2957,592060.562 6186638.6763,592060.963 6186638.8682,592073.117799997 6186645.8804,592080.130199999 6186655.2302,592082.467500001 6186665.0475,592078.260300003 6186668.7875,592071.247699998 6186662.71,592064.703 6186658.5027,592062.083499998 6186658.4108,592063.4705 6186663.2341,592064.513499998 6186666.8585,592070.148400001 6186667.061,592072.329300001 6186668.7607,592073.709600002 6186672.9512,592077.318 6186671.6886,592085.987499997 6186676.5051,592091.7632 6186686.8189,592087.300300002 6186690.0647,592082.687100001 6186693.4198,592080.624399997 6186700.4332,592088.463 6186701.6709,592092.588399999 6186710.747,592101.664700001 6186711.9847,592108.678099997 6186717.3479,592110.328400001 6186729.312,592095.888899997 6186726.8367,592085.575099997 6186722.2985,592078.148900002 6186724.774,592076.7535 6186725.1832,592077.8574 6186729.2219,592082.968699999 6186747.7957,592086.471699998 6186760.5405,592091.248800002 6186778.0613,592094.036899999 6186788.1793,592102.569600001 6186788.9321,592102.569600001 6186774.9076,592119.866599999 6186767.8953,592127.814099997 6186776.3101,592144.643700004 6186778.6476,592145.578699999 6186783.3224,592138.098899998 6186791.2697,592128.2817 6186796.4122,592122.671700001 6186801.0869,592112.854400001 6186802.0219,592106.309600003 6186809.0342,592094.622299999 6186810.4367,592095.557300001 6186818.8517,592107.712099999 6186822.124,592132.021399997 6186823.994,592146.981200002 6186815.5792)));St;;
34;;Pr;;34;2017-07-06;2017-07-06;false;INCONNU (CEN Midi-Pyrénées);;1;;;;;;;;690.049;sig;;3;34;;;MULTIPOLYGON(((592417.531099997 6186853.6073,592425.713299997 6186851.5618,592427.3332 6186852.068,592427.3508 6186852.0244,592419.906400003 6186842.8849,592407.724799998 6186827.9485,592398.4111 6186833.0263,592381.349699996 6186842.3862,592387.529200003 6186848.8344,592395.711499996 6186852.9255,592405.2575 6186855.6529,592417.531099997 6186853.6073)));St;;
35;;Pr;;35;2017-07-06;2017-07-06;false;INCONNU (CEN Midi-Pyrénées);;1;;;;;;;;1507.611;sig;;4;35;;;MULTIPOLYGON(((591986.632299997 6186871.2104,591994.579499997 6186859.5231,591995.522 6186857.4811,592000.189499997 6186847.3685,592008.136799999 6186845.4985,592011.409100004 6186858.5881,592019.712200001 6186871.261,592020.993600003 6186868.5009,592023.535800003 6186860.8744,592023.9595 6186850.2821,592031.162299998 6186843.9267,592042.592 6186835.8836,592042.263400003 6186831.9413,592037.924099997 6186820.501,592026.148400001 6186826.2914,592004.898599997 6186836.7366,591988.919100001 6186844.5796,591970.2487 6186853.2945,591960.4965 6186857.8604,591963.371200003 6186864.6878,591963.570100002 6186866.3783,591965.595200002 6186862.3281,591977.749899998 6186861.3931,591977.282499999 6186872.6129,591977.86 6186872.5263,591986.632299997 6186871.2104)));St;;
36;;Pr;;36;2017-07-06;2017-07-06;false;INCONNU (CEN Midi-Pyrénées);;1;;;;;;;;990.442;sig;;5;36;;;MULTIPOLYGON(((592061.430500001 6186863.2631,592056.0973 6186860.4187,592049.804799996 6186862.9929,592041.754699998 6186868.9246,592034.128200002 6186876.9748,592033.887800001 6186882.0225,592035.718599997 6186883.3652,592044.133400001 6186883.3652,592050.210699998 6186883.3652,592053.9507 6186894.585,592058.158200003 6186896.9224,592067.405699998 6186897.763,592086.1347 6186880.7226,592085.740099996 6186878.2227,592073.117799997 6186874.4829,592061.898 6186872.6129,592061.430500001 6186864.1981,592062.422700003 6186863.5036,592061.430500001 6186863.2631)));St;;
37;;Pr;;37;2017-07-06;2017-07-06;false;INCONNU (CEN Midi-Pyrénées);;1;;;;;;;;575.794;sig;;6;37;;;MULTIPOLYGON(((592482.231799997 6186879.3985,592482.812899999 6186872.1237,592480.654200003 6186874.224,592473.232199997 6186872.8784,592467.029399998 6186890.3305,592466.421800002 6186892.4844,592463.076499999 6186904.1324,592459.817599997 6186915.6996,592455.771499999 6186930.9323,592453.900700003 6186938.03,592457.626100004 6186931.6558,592461.293 6186925.2825,592462.462099999 6186923.4766,592470.128200002 6186911.3597,592473.348499998 6186906.2643,592477.4837 6186901.6697,592480.028200001 6186891.1069,592481.944300003 6186883.2145,592482.231799997 6186879.3985)));St;;
38;;Pr;;38;2017-07-06;2017-07-06;false;INCONNU (CEN Midi-Pyrénées);;1;;;;;;;;1427.848;sig;;7;38;;;MULTIPOLYGON(((592413.273900002 6186894.4094,592414.6545 6186888.3255,592415.617299996 6186884.0748,592415.888899997 6186882.7047,592415.378600001 6186882.5014,592414.768299997 6186883.3188,592408.584 6186892.0125,592400.4846 6186882.2454,592395.029700004 6186878.8362,592391.620399997 6186874.4041,592388.552 6186870.9948,592383.437899999 6186866.2219,592374.914700001 6186866.2219,592372.045199998 6186865.7999,592371.430100001 6186866.135,592359.024499997 6186872.8921,592370.131800003 6186881.2824,592383.817599997 6186891.6944,592396.643799998 6186901.4457,592401.412799999 6186905.0584,592401.477799997 6186905.4543,592402.298799999 6186909.093,592402.618100002 6186912.4622,592402.675700001 6186914.1684,592400.899400003 6186919.9147,592400.200099997 6186921.832,592397.623 6186928.6635,592398.256099999 6186929.3306,592404.383599997 6186936.6658,592406.134099998 6186938.754,592407.597599998 6186941.1646,592410.453500003 6186942.8904,592411.851899996 6186936.7004,592414.049900003 6186927.0034,592415.013499998 6186922.8057,592414.9595 6186918.3866,592414.897699997 6186908.8067,592414.345399998 6186903.7343,592413.273900002 6186894.4094)));St;;
39;;Pr;;39;2017-07-06;2017-07-06;false;INCONNU (CEN Midi-Pyrénées);;1;;;;;;;;353.591;sig;;8;39;;;MULTIPOLYGON(((592350.246299997 6186892.6989,592346.469300002 6186889.6931,592345.415700004 6186895.4467,592347.439300001 6186919.1519,592348.8847 6186942.8571,592341.3627 6186952.1492,592351.801 6186953.66,592354.956200004 6186941.9677,592354.164499998 6186936.5814,592353.704499997 6186933.5322,592353.230599999 6186927.9028,592352.431299999 6186918.5469,592351.488799997 6186907.6052,592350.246299997 6186892.6989)));St;;
40;;Pr;;40;2017-07-06;2017-07-06;false;INCONNU (CEN Midi-Pyrénées);;1;;;;;;;;3347.791;sig;;9;40;;;MULTIPOLYGON(((592109.518600002 6186956.4445,592104.893 6186948.0608,592099.111500002 6186940.8336,592098.244 6186931.5828,592105.4714 6186925.2228,592113.854900002 6186925.2228,592123.105700001 6186931.0046,592127.731200002 6186932.1609,592133.223899998 6186921.4645,592136.114699997 6186919.73,592146.522100002 6186917.7065,592148.297300003 6186915.7341,592146.1065 6186912.8635,592129.889799997 6186906.3768,592127.8627 6186901.1063,592126.431900002 6186897.1715,592092.173299998 6186902.3846,592082.344099998 6186910.4793,592078.875200003 6186917.7065,592065.577 6186922.9102,592053.146200001 6186926.3792,592052.672 6186926.8358,592052.232900001 6186927.2586,592052.657600001 6186928.4721,592047.387199998 6186935.3642,592047.387199998 6186942.2563,592052.657600001 6186951.1755,592059.549699999 6186958.0676,592063.1985 6186962.1218,592066.9652 6186965.8885,592071.358900003 6186960.2026,592077.4296 6186952.1082,592081.476899996 6186949.2171,592087.547799997 6186955.288,592095.931299999 6186967.4298,592099.978699997 6186970.899,592106.338600002 6186968.5861,592111.253 6186961.9371,592109.518600002 6186956.4445)));St;;
41;;Pr;;41;2017-07-06;2017-07-06;false;INCONNU (CEN Midi-Pyrénées);;1;;;;;;;;10963.719;sig;;10;41;;;MULTIPOLYGON(((592232.6708 6186991.4243,592239.319799997 6186990.5571,592245.459799998 6186991.249,592246.222599998 6186988.9586,592250.835299999 6186984.9515,592252.333899997 6186983.6163,592256.404399998 6186980.4122,592268.240199998 6186971.084,592280.451 6186961.4322,592286.212399997 6186954.3887,592283.516099997 6186952.9048,592282.683200002 6186952.9753,592280.8609 6186951.4435,592280.190800004 6186951.0748,592277.446500003 6186949.6118,592277.472199999 6186948.5951,592262.736 6186936.2083,592250.305100001 6186928.692,592237.5854 6186926.09,592233.538 6186922.332,592233.249 6186913.3701,592230.357900001 6186906.1429,592225.1633 6186901.6903,592235.272500001 6186901.8065,592246.340099998 6186902.7194,592243.8631 6186898.2163,592246.5471 6186898.0484,592254.641500004 6186902.3846,592261.001500003 6186907.2992,592266.4943 6186913.6592,592270.252300002 6186920.8864,592278.925099999 6186925.801,592285.863 6186928.4027,592290.488499999 6186931.8719,592291.066699997 6186939.3882,592295.114100002 6186943.1464,592298.004799999 6186947.1935,592298.004799999 6186953.2645,592295.244099997 6186959.0819,592297.969400004 6186960.5034,592306.144699998 6186964.9326,592306.9287 6186966.3488,592308.4432 6186972.9932,592310.688299999 6186983.1191,592311.270400003 6186983.908,592319.1083 6186982.7515,592324.601099998 6186978.4153,592327.781199999 6186972.0553,592329.226599999 6186965.9844,592324.312 6186959.0463,592316.506700002 6186955.8661,592316.217500001 6186951.819,592314.483099997 6186939.0991,592311.247299999 6186932.2542,592306.966799997 6186928.9808,592294.825 6186925.5119,592281.237800002 6186917.4174,592272.565099999 6186909.323,592264.759499997 6186905.8538,592258.1105 6186894.0011,592248.281599998 6186886.4847,592237.296099998 6186883.8831,592233.791900001 6186882.9522,592233.802199997 6186882.9982,592229.424 6186883.5317,592226.6611 6186883.4188,592222.574299999 6186881.7878,592221.8323 6186881.4826,592218.160499997 6186880.178,592214.8046 6186880.2817,592209.121799998 6186880.4557,592207.893700004 6186879.7774,592207.313199997 6186879.3822,592211.268299997 6186875.4269,592213.654799998 6186867.9265,592211.609300002 6186859.744,592211.950099997 6186851.9028,592218.768799998 6186846.1069,592230.019599997 6186842.6978,592233.087899998 6186844.0613,592233.087899998 6186851.5618,592235.815200001 6186854.2893,592241.270099998 6186857.0167,592244.489 6186858.5919,592243.841499999 6186858.9443,592245.101400003 6186860.4667,592254.346699998 6186863.9337,592259.339400001 6186853.9483,592261.044200003 6186844.743,592262.7487 6186833.8335,592263.771499999 6186826.333,592263.771499999 6186821.2191,592266.8398 6186823.2647,592270.931 6186824.2875,592276.045100003 6186823.9465,592283.886399999 6186824.9692,592289.341200002 6186829.7421,592296.5009 6186833.1515,592296.841700003 6186840.3112,592308.774300002 6186844.0613,592321.388700001 6186834.8563,592326.108900003 6186831.9409,592326.043 6186830.2563,592327.249899998 6186824.874,592328.528700002 6186819.6943,592329.828100003 6186817.1379,592318.661300004 6186818.4916,592310.819799997 6186827.6968,592300.251 6186827.0148,592297.182700001 6186819.5143,592294.4551 6186812.6957,592289.682300001 6186808.9456,592278.431599997 6186810.9911,592273.658600003 6186816.446,592266.8398 6186809.9683,592264.043200001 6186808.5092,592258.9987 6186805.8772,592250.134400003 6186799.7403,592248.088799998 6186792.5809,592250.816200003 6186789.5125,592251.1263 6186785.1717,592251.157200001 6186784.7394,592245.361299999 6186782.353,592238.883599997 6186787.126,592234.792499997 6186796.3312,592234.792499997 6186802.4679,592241.611100003 6186805.1952,592243.315700002 6186810.3093,592246.384 6186820.8781,592251.8389 6186824.6282,592254.907499999 6186833.8335,592254.907499999 6186840.3112,592249.111599997 6186845.084,592247.2205 6186847.6398,592250.418 6186855.415,592249.258400001 6186856.03,592248.505500004 6186856.4057,592244.112800002 6186844.357,592242.663 6186840.4377,592236.969599999 6186831.0839,592232.841899998 6186824.4301,592229.975299999 6186818.5492,592227.492700003 6186813.4826,592226.9833 6186812.2192,592224.223700002 6186813.0367,592217.064199999 6186809.9683,592212.632100001 6186814.4005,592208.2 6186820.1961,592205.131700002 6186823.9465,592206.836199999 6186827.6968,592213.995800003 6186833.4925,592215.700400002 6186840.652,592210.927599996 6186846.7888,592204.108800001 6186847.8116,592200.358499996 6186838.9474,592197.290200002 6186834.1743,592194.9036 6186833.8335,592186.599299997 6186835.8731,592186.421300001 6186837.3704,592185.9397 6186841.4754,592185.602200001 6186844.3871,592182.902199998 6186846.6395,592180.259900004 6186848.8432,592179.037 6186852.6906,592179.220200002 6186854.0951,592173.269599997 6186850.0236,592167.593699999 6186853.6724,592167.188299999 6186860.1591,592166.377499998 6186869.8891,592164.538500004 6186875.6102,592174.563699998 6186874.632,592179.767399997 6186874.632,592176.587300003 6186877.5231,592167.9375 6186882.224,592169.620800003 6186882.8625,592166.377499998 6186892.998,592165.566600002 6186902.728,592171.2425 6186904.3497,592177.216200002 6186905.8149,592177.743600003 6186904.4084,592182.658200003 6186900.9392,592194.8 6186899.2047,592210.121600002 6186901.5174,592223.1307 6186901.667,592223.1307 6186906.4319,592220.2399 6186909.9011,592217.637900002 6186918.8629,592218.794500001 6186924.0665,592223.708899997 6186927.8245,592223.974399999 6186928.3176,592225.7324 6186931.5828,592223.708899997 6186935.6299,592220.2399 6186939.6772,592222.096500002 6186943.5763,592223.1307 6186945.7482,592224.865199998 6186951.53,592225.7324 6186959.0463,592221.974399999 6186966.2735,592221.107199997 6186971.188,592217.927100003 6186978.4153,592214.458099999 6186985.9316,592214.169 6186991.7134,592219.0836 6186994.8933,592223.419799998 6186996.0498,592228.623499997 6186992.8698,592232.6708 6186991.4243)));St;;
42;;Pr;;42;2017-07-06;2017-07-06;false;INCONNU (CEN Midi-Pyrénées);;1;;;;;;;;3013.086;sig;;11;42;;;MULTIPOLYGON(((592166.4692 6187036.5223,592166.4692 6187031.3187,592165.023599997 6187026.9822,592170.516400002 6187023.8024,592171.383599997 6187019.4659,592173.407399997 6187011.9496,592179.478299998 6187006.1678,592179.189199999 6186997.4952,592183.814499997 6186992.0025,592188.44 6186984.1971,592193.065499999 6186972.6335,592194.221799999 6186967.1407,592193.065499999 6186958.179,592192.487099998 6186951.53,592192.643100001 6186950.802,592194.221799999 6186943.4355,592195.920900002 6186939.5145,592197.979900002 6186934.7627,592200.870899998 6186928.9808,592198.2689 6186923.7774,592193.065499999 6186924.9337,592183.814499997 6186925.801,592181.212800004 6186928.1136,592180.923699997 6186932.7391,592180.923699997 6186934.0936,592180.923699997 6186937.3646,592182.369099997 6186946.0372,592182.369099997 6186956.7334,592179.478299998 6186965.1172,592179.452299997 6186965.1873,592172.2509 6186984.4862,592169.071 6186989.1115,592162.421899997 6186989.1115,592155.7729 6186989.1115,592146.8112 6186990.8462,592142.474699996 6186998.0734,592146.8112 6187004.4333,592153.460199997 6187012.8169,592147.389300004 6187017.4424,592140.451200001 6187023.224,592134.958400004 6187025.5369,592124.262 6187024.9587,592121.082199998 6187023.8024,592115.8785 6187026.6932,592113.513300002 6187032.259,592117.915 6187039.7695,592120.563600004 6187044.251,592126.2531 6187046.9352,592131.518700004 6187043.5126,592129.0233 6187035.9316,592140.680399999 6187033.4346,592144.222400002 6187042.3876,592137.248 6187046.4683,592138.716700003 6187052.1331,592149.412900001 6187053.5785,592155.194700003 6187052.1331,592157.796400003 6187046.6404,592160.976499997 6187042.593,592166.4692 6187036.5223)));St;;
43;;Pr;;43;2017-07-06;2017-07-06;false;INCONNU (CEN Midi-Pyrénées);;1;;;;;;;;196.634;sig;;12;43;;;MULTIPOLYGON(((592481.775700003 6187072.6994,592485.079599999 6187062.0843,592487.163 6187055.4594,592484.576800004 6187056.7596,592483.4168 6187060.2857,592478.341399997 6187061.3957,592478.330700003 6187063.6786,592474.264399998 6187063.9116,592467.324600004 6187059.8915,592462.255099997 6187066.6322,592472.958400004 6187071.8535,592476.842299998 6187073.2578,592479.9124 6187073.2068,592481.775700003 6187072.6994)));St;;
44;;Pr;;44;2017-07-06;2017-07-06;false;INCONNU (CEN Midi-Pyrénées);;1;;;;;;;;2345.442;sig;;13;44;;;MULTIPOLYGON(((591273.621 6187708.7174,591267.241 6187684.412,591235.310699999 6187692.9595,591233.326300003 6187709.3635,591232.664700001 6187715.5814,591233.326300003 6187723.5188,591228.828400001 6187745.7438,591236.633500002 6187747.596,591247.746 6187745.2147,591266.399099998 6187737.2771,591275.130500004 6187733.8376,591287.962800004 6187730.7948,591293.386699997 6187729.6042,591291.868 6187724.7552,591281.0471 6187723.5694,591273.621 6187708.7174)));St;;
45;;Pr;;45;2017-07-07;2017-07-07;false;INCONNU (CEN Midi-Pyrénées);;1;;;;;;;;500.612;sig;;14;45;;;MULTIPOLYGON(((594042.556599997 6175100.5905,594040.2689 6175087.626,594040.014799997 6175077.2038,594041.1263 6175071.4236,594036.798100002 6175072.6355,594036.497299999 6175078.952,594034.391800001 6175084.667,594029.88 6175090.382,594028.977600001 6175087.6749,594024.465800002 6175082.8623,594021.157200001 6175080.1552,594016.672899999 6175080.6726,594023.6611 6175089.6172,594029.7619 6175099.7855,594035.523699999 6175112.3261,594043.319399998 6175121.4772,594047.149400003 6175125.6555,594047.132399999 6175125.248,594045.098800004 6175113.5546,594042.556599997 6175100.5905)));St;;
46;;Pr;;46;2017-07-07;2017-07-07;false;INCONNU (CEN Midi-Pyrénées);;1;;;;;;;;345.316;sig;;15;46;;;MULTIPOLYGON(((594026.033600003 6175104.5304,594022.706799999 6175099.5403,594020.472 6175108.4793,594022.076200001 6175115.6982,594032.904600002 6175125.3234,594034.893100001 6175132.9932,594035.665200002 6175135.9713,594035.712 6175136.1518,594045.337200001 6175142.1675,594047.980400003 6175143.2248,594047.640600003 6175137.4496,594047.467699997 6175133.298,594044.675 6175129.6118,594041.285700001 6175127.5781,594034.168099999 6175117.7491,594026.033600003 6175104.5304)));St;;
47;;Pr;;47;2017-07-07;2017-07-07;false;INCONNU (CEN Midi-Pyrénées);;1;;;;;;;;986.569;sig;;16;47;;;MULTIPOLYGON(((594059.334100001 6175189.0527,594055.697 6175177.9598,594052.155 6175180.6682,594046.941299997 6175187.4862,594046.540299997 6175191.4966,594047.342399999 6175197.5123,594050.149700001 6175209.5438,594052.155 6175218.3669,594050.951800004 6175228.3932,594050.800499998 6175228.7212,594048.545500003 6175233.6068,594046.941299997 6175244.8361,594047.7434 6175250.8519,594047.843900003 6175250.8825,594056.967500001 6175253.6593,594061.599699996 6175249.8849,594064.163900003 6175226.166,594065.943300001 6175215.2353,594064.163900003 6175202.7794,594059.334100001 6175189.0527)));St;;
48;;Pr;;48;2017-07-07;2017-07-07;false;INCONNU (CEN Midi-Pyrénées);;1;;;;;;;;756.013;sig;;17;48;;;MULTIPOLYGON(((594057.808799997 6175267.3467,594060.350400001 6175257.376,594060.176 6175257.6697,594045.905699998 6175263.8407,594045.337200001 6175264.0865,594044.535099998 6175269.7013,594044.591899998 6175269.8338,594050.550800003 6175283.738,594052.957099997 6175292.9621,594051.352899998 6175301.3842,594051.352899998 6175303.3828,594051.352899998 6175307.8009,594051.352899998 6175320.2335,594053.358199999 6175329.8586,594054.456200004 6175330.5908,594065.389600001 6175337.8797,594069.65 6175339.3487,594069.247900002 6175338.0146,594064.418099999 6175322.7625,594058.571400002 6175299.6301,594057.808799997 6175283.8698,594057.808799997 6175267.3467)));St;;
49;;Pr;;49;2017-07-07;2017-07-07;false;INCONNU (CEN Midi-Pyrénées);;1;;;;;;;;1905.11;sig;;18;49;;;MULTIPOLYGON(((594063.643399999 6175365.5097,594063.299500003 6175365.4959,594058.214699998 6175373.441,594057.261200003 6175382.3396,594051.858499996 6175391.8737,594048.0449 6175399.1832,594044.231299996 6175402.9969,594042.324299999 6175411.5776,594041.370899998 6175420.794,594035.9683 6175429.3747,594034.061499998 6175439.5444,594028.976499997 6175450.6676,594024.2095 6175462.7441,594025.276299998 6175463.4398,594031.519 6175467.5112,594028.976499997 6175472.2782,594032.472499996 6175480.5412,594034.223800004 6175480.2717,594034.422399998 6175478.8423,594050.182700001 6175441.4747,594057.046099998 6175424.9516,594066.960100003 6175406.9033,594071.789899997 6175390.8885,594074.757600002 6175376.792,594071.244599998 6175365.8136,594063.643399999 6175365.5097)));St;;
50;;Pr;;50;2017-07-07;2017-07-07;false;INCONNU (CEN Midi-Pyrénées);;1;;;;;;;;345.905;sig;;19;50;;;MULTIPOLYGON(((594032.8649 6175488.96,594021.667 6175486.8972,594021.580300003 6175486.9536,594015.311 6175491.0288,594016.264399998 6175502.7875,594016.612899996 6175506.3877,594017.217699997 6175512.6394,594023.016400002 6175517.7351,594025.7795 6175512.6511,594029.084100001 6175501.7206,594032.8649 6175488.96)));St;;
